id,user,title,content,photo1,photo2,photo3,created_at,updated_at
yultutin01,写真テスト１,"写真１−３
テスト
テスト１
テスト２
テスト３",IMG_0167.JPG,IMG_0158.JPG,IMG_0170.PNG,2020-03-28 16:22:10.491120+00:00,2020-03-28 16:22:10.491120+00:00
yultutin01,写真テスト2,"テストテストテストテストテストテスト
テストテストテスト
テストテストテスト",IMG_1576.JPG,,,2020-03-28 16:50:59.999476+00:00,2020-03-28 16:50:59.999476+00:00
yultutin01,写真テスト3,試験試験試験試験試験試験試験試験,IMG_1552.JPG,,,2020-03-28 16:51:32.282939+00:00,2020-03-28 16:51:32.282939+00:00
yultutin01,テスト００２,"本文テスト
名前：テスト太郎

２０１７年の夏休み写真",,IMG_9271.JPG,,2020-03-29 06:02:30.682853+00:00,2020-03-29 10:00:06.332809+00:00
